{
    "encode":
    {        
        "a": "dsa", "A": "Dsa",
        "b": "hjk", "B": "Hjk",
        "c": "qwe", "C": "Qwe",
        "d": "poi", "D": "Poi",
        "e": "lmn", "E": "Lmn",
        "f": "zxc", "F": "Zxc",
        "g": "vbn", "G": "Vbn",
        "h": "ion", "H": "Ion",
        "i": "gre", "I": "Gre",
        "j": "yui", "J": "Yui",
        "k": "fgh", "K": "Fgh",
        "l": "rty", "L": "Rty",
        "m": "uio", "M": "Uio",
        "n": "jkl", "N": "Jkl",
        "o": "mnb", "O": "Mnb",
        "p": "qaz", "P": "Qaz",
        "q": "xsw", "Q": "Xsw",
        "r": "edc", "R": "Edc",
        "s": "rfv", "S": "Rfv",
        "t": "tgb", "T": "Tgb",
        "u": "yhn", "U": "Yhn",
        "v": "ujm", "V": "Ujm",
        "w": "ikl", "W": "Ikl",
        "x": "opl", "X": "Opl",
        "y": "wsx", "Y": "Wsx",
        "z": "puy", "Z": "Puy",
        "!": "exp", " ": "dbg",
        ",": "alt", "?": "oha"
    },

    "decode":
    {
        "dsa": "a", "Dsa": "A",
        "hjk": "b", "Hjk": "B",
        "qwe": "c", "Qwe": "C",
        "poi": "d", "Poi": "D",
        "lmn": "e", "Lmn": "E",
        "zxc": "f", "Zxc": "F",
        "vbn": "g", "Vbn": "G",
        "ion": "h", "Ion": "H",
        "gre": "i", "Gre": "I",
        "yui": "j", "Yui": "J",
        "fgh": "k", "Fgh": "K",
        "rty": "l", "Rty": "L",
        "uio": "m", "Uio": "M",
        "jkl": "n", "Jkl": "N",
        "mnb": "o", "Mnb": "O",
        "qaz": "p", "Qaz": "P",
        "xsw": "q", "Xsw": "Q",
        "edc": "r", "Edc": "R",
        "rfv": "s", "Rfv": "S",
        "tgb": "t", "Tgb": "T",
        "yhn": "u", "Yhn": "U",
        "ujm": "v", "Ujm": "V",
        "ikl": "w", "Ikl": "W",
        "opl": "x", "Opl": "X",
        "wsx": "y", "Wsx": "Y",
        "puy": "z", "Puy": "Z",
        "exp": "!", "dbg": " ",
        "alt": ",", "oha": "?"    
    }
}